{
	"sql_databases" :
	{
		"positron" :
		{
			"name" : "Positron Test Database",
			"size" : 5242880,
			"versions" :
			[
				{
					"version" : "0.1",
					"sql" : 
					[
						"create table movies (id integer primary key, name varchar(50))"
					]
				},
				{
					"version": "0.2",
					"sql":
					[
						"alter table movies add year integer"
					]
				}
			],
			"tables" :
			{
				"movies" :
				{
					"properties" :
					{
						"id" :
						{
							"type" : "integer"
						},
						"name" :
						{
							"type" : "string"
						},
						"year" :
						{
							"type" : "integer"
						}
					}
				}
			}
		}
	}
}
