{
	"tags" :
	{
		"movies" : "MoviesTag"
	},
	
	"databases" :
	{
		"positron" :
		{
			"stores" :
			{
				"movies" :
				{
					"parameters" :
					{
						"keyPath" : "id",
						"autoIncrement" : true
					},
					"indexes" :
					{
						"id" :
						{
							"type" : "integer",
							"keyPath" : "id",
							"parameters" :
							{
								"unique": true
							}
						},
						"name" :
						{
							"type" : "string",
							"keyPath" : "name",
							"parameters" :
							{
								"unique": false
							}
						}
					}
				}
			}
		}
	}
}
